arquivo,melhor_iou,brilho
track0129-01-_png_jpg.rf.a25f16336466d44ee1dabf7c2d8cb4ed.jpg,0.0,118.5
track0028-01-_png_jpg.rf.1c1c8a0bdf4bb04582b765c2b71854fc.jpg,0.0,117.9
treino-437-_jpg.rf.7e3579c37ab78c63637553c2be3452b7.jpg,0.014000000432133675,138.1
treino-252-_jpg.rf.6d716c7c027b74fabdece9c704d7b66b.jpg,0.01899999938905239,59.2
treino-465-_jpg.rf.e3dd97bddde58f9de137a3d83475315f.jpg,0.020999999716877937,86.6
treino-243-_jpg.rf.6e1b597d0c08fd457d501ea62d325c50.jpg,0.020999999716877937,74.0
treino-457-_jpg.rf.9d55792af5f380d2b592a559b5da50e0.jpg,0.02199999988079071,117.8
treino-411-_jpg.rf.4ce2be6161627e88cf0840958b6327b2.jpg,0.023000000044703484,112.7
treino-272-_jpg.rf.a422e567c60dbaef96477bd3002a5b53.jpg,0.024000000208616257,81.3
treino-301-_jpg.rf.31256f90fad061bfd0e16776b042160b.jpg,0.02500000037252903,77.9
treino-462-_jpg.rf.f163ed3b27e1fb450dfcc92c6829d074.jpg,0.02500000037252903,81.2
treino-336-_jpg.rf.720a9fc037b9ef9e2032a342fcefde35.jpg,0.02500000037252903,80.6
treino-420-_jpg.rf.cd6393fa7bb0d593cf39ef98121cd58e.jpg,0.02500000037252903,80.8
treino-270-_jpg.rf.c2645658e8edf4f120fae961058998c8.jpg,0.026000000536441803,78.6
treino-493-_jpg.rf.544d0c0077ab21e3e033b40b8e2b2a28.jpg,0.027000000700354576,76.4
treino-479-_jpg.rf.bcd9195999973c61edeccee8bcf9ad74.jpg,0.02800000086426735,78.4
treino-223-_jpg.rf.f090911ffeac03c71844b7425ec9366c.jpg,0.028999999165534973,76.4
treino-418-_jpg.rf.eb8d0c2b866b336eaf438f8c3a672244.jpg,0.029999999329447746,65.6
treino-447-_jpg.rf.2447b3bbc27dff2c18f3df45e888d6bc.jpg,0.03099999949336052,103.1
treino-416-_jpg.rf.a3f31eff399b62d00f1497dfb153715c.jpg,0.032999999821186066,88.8
treino-383-_jpg.rf.0cbbc71ba342fa6c1774c5d041845708.jpg,0.03400000184774399,93.1
treino-278-_jpg.rf.15aa2ad2324a141ceddb320b3669c781.jpg,0.035999998450279236,81.9
treino-391-_jpg.rf.bb31e97fa68b9ab445bfe9f383341b92.jpg,0.03799999877810478,79.5
treino-233-_jpg.rf.68156796bf7ac1e07f108f48a0cb0877.jpg,0.039000000804662704,101.6
treino-363-_jpg.rf.b48c8d28213e559e6b51646c7897c147.jpg,0.039000000804662704,84.3
treino-234-_jpg.rf.16143e1018044279392d99b570492834.jpg,0.03999999910593033,88.4
treino-290-_jpg.rf.3957bd52f8552165302376d8dadce392.jpg,0.04899999871850014,63.7
treino-365-_jpg.rf.e9d534f84d409232cc2fe4aedbd4623d.jpg,0.05000000074505806,110.7
treino-390-_jpg.rf.bb63aa547402b8c246b74261ee15c7a2.jpg,0.050999999046325684,94.7
treino-331-_jpg.rf.98c814e4a5360553db22faa1589de4c4.jpg,0.052000001072883606,122.5
treino-395-_jpg.rf.de76810ec333de4ac2ee8207a12f0f69.jpg,0.052000001072883606,84.5
treino-283-_jpg.rf.1646bf9f97486a595fe1b10e3d6fc612.jpg,0.05299999937415123,78.7
track0097-01-_png_jpg.rf.219a018f7ba18e88002e384c1d8ea085.jpg,0.746999979019165,104.7
track0036-01-_png_jpg.rf.bfe8e002f1edfbb6104e70a6a9d54d9e.jpg,0.7820000052452087,126.1
track0070-01-_png_jpg.rf.16114c679eac6fd63c2a8b16389f439d.jpg,0.7860000133514404,119.6
track0072-01-_png_jpg.rf.1281f6d6971c8bdc89096a8b748a3a8b.jpg,0.8019999861717224,111.3
20201229_132317156444_png_jpg.rf.3bc5e4d8d7b022e29e253494ec4243d9.jpg,0.8029999732971191,129.0
17704370_jpg.rf.afe7bb31d5a01b61006a6955449c0f12.jpg,0.8059999942779541,91.4
DCAM0041_JPG_jpg.rf.0264865f7759cc255cf91254df81fb2b.jpg,0.8159999847412109,94.6
DCAM0012_JPG_jpg.rf.248f9f50e9f19a1881071f2fdfa53728.jpg,0.8180000185966492,89.4
DCAM0006_JPG_jpg.rf.3111eb2b6fd82c08f6b5db3f05a276f9.jpg,0.8259999752044678,102.0
track0149-01-_png_jpg.rf.19c5a3a60918f7cfd99fb452ad7e6740.jpg,0.8259999752044678,111.6
17958935_jpg.rf.9ce3d8ae0267ea542fcbe86a70492677.jpg,0.8270000219345093,62.9
20201229_132342148268_png_jpg.rf.e93301a9ac0aa93fe1442bcb8795db75.jpg,0.8270000219345093,124.7
17736064_jpg.rf.ddec6c7ab65e1939eab890b57dc7fcec.jpg,0.8270000219345093,89.2
DCAM0033_JPG_jpg.rf.1f7310dad6146bc5629baf6059692c7a.jpg,0.8289999961853027,95.9
DCAM0099_JPG_jpg.rf.2d7d69148ab7729313c21a0c6e0a52be.jpg,0.8339999914169312,115.2
DCAM0047_JPG_jpg.rf.750a972bb10901a57e1a3acc4f95ea29.jpg,0.8389999866485596,108.7
17704351_jpg.rf.9e9b837e9c8988cfdc7e09bb1fa20bb2.jpg,0.8399999737739563,86.7
track0015-01-_png_jpg.rf.eacffaf972d7ae81476da94f03376ee8.jpg,0.8410000205039978,123.0
DCAM0012_JPG_jpg.rf.a5d7fc6c50c9e878d98f420a6e5ff2c4.jpg,0.8429999947547913,77.1
track0083-01-_png_jpg.rf.7716ef39428a8d0fb24f373490b27953.jpg,0.8429999947547913,97.8
track0089-01-_png_jpg.rf.aec69f564cecbdf7516971370857a3a7.jpg,0.843999981880188,112.7
NZW2197_jpg.rf.f7cdad4cd7f388eca3b9f4f65b2d5f87.jpg,0.843999981880188,89.3
track0127-01-_png_jpg.rf.856110e252abeda966f37c56c417ebad.jpg,0.843999981880188,130.0
track0084-01-_png_jpg.rf.c7e7908b77e3f8ca75a121d4ec68b5ed.jpg,0.8460000157356262,117.9
17803737_jpg.rf.aad86ac2e37eaac7df6b8d3e7ad48be8.jpg,0.8519999980926514,37.4
19854012_jpg.rf.661c5843b17fb4e5bcdbad8c2d69f9b5.jpg,0.8560000061988831,79.1
DCAM0085_JPG_jpg.rf.93cc956a0de8c337ebd827f037e1d004.jpg,0.8579999804496765,100.0
track0032-01-_png_jpg.rf.9bd6775b2bb361bfd18e49184df64cb4.jpg,0.859000027179718,125.5
DCAM0062_JPG_jpg.rf.340b406a4fcc2deb4d4fcd2d7e85a782.jpg,0.8600000143051147,78.5
20201229_132437096952_png_jpg.rf.f27cf0f40b07bd4d46afb8235b28f29d.jpg,0.8610000014305115,127.3
track0068-01-_png_jpg.rf.b182261560cb9f1071787a266153bfe2.jpg,0.8619999885559082,118.3
DCAM0098_JPG_jpg.rf.780f7646e140b7d9fc367c417a97a1da.jpg,0.8629999756813049,89.0
17800104_jpg.rf.571cfa4aff3cb15674ed6d6e651c0d6a.jpg,0.8629999756813049,83.2
20201229_132129710869_png_jpg.rf.081aa9474c4332a38aa10acc21536d6a.jpg,0.8650000095367432,140.5
19806401_jpg.rf.69702b39f4a39281b586b72605b83188.jpg,0.8659999966621399,89.6
DCAM0091_JPG_jpg.rf.b7bd5793390ae0554d03f1a277e0e415.jpg,0.8669999837875366,90.8
20201229_132137769232_png_jpg.rf.618728da2273f0b40abec35566cf6519.jpg,0.8669999837875366,134.3
DCAM0037_JPG_jpg.rf.7a8d479d0c6c69e09cb6bfc5ea211287.jpg,0.8679999709129333,87.7
plate8_jpg.rf.57189b580bf7968c94485cfa457b7ce7.jpg,0.8679999709129333,85.5
19957176_jpg.rf.7c321359faa204a53e58689c7dba5d77.jpg,0.8679999709129333,94.4
20201230_081435184609_png_jpg.rf.ea9f0f7c2205e463878323588b675a45.jpg,0.8690000176429749,129.1
17804741_jpg.rf.a3515f8525befd226e9cdb8f8773769d.jpg,0.8700000047683716,41.5
20201229_132317453010_png_jpg.rf.52f0330756e4006d08349eaad8fd427d.jpg,0.8740000128746033,133.3
17709690_jpg.rf.2ebcfdc64ae5735fe10b764e19f25ba0.jpg,0.875,74.8
20201229_132316566491_png_jpg.rf.dd7aee67ae6556c1916d94722f75de41.jpg,0.8769999742507935,127.1
18674271_jpg.rf.3d580eca5bdf70aee0d256343912dbb4.jpg,0.878000020980835,73.5
20201229_132341998270_png_jpg.rf.d826a7663a5c71c12d464bcd55f20a40.jpg,0.8809999823570251,115.4
DCAM0074_JPG.rf.a0c67ce6657e5ea4426d2469d7acbae2.jpg,0.8820000290870667,71.5
18583396_jpg.rf.c40ac7cf3504277ca5f2f8dff938372c.jpg,0.8830000162124634,125.6
20201229_132411804896_png_jpg.rf.bf673151ae824799e75eddc3987d7b28.jpg,0.8849999904632568,140.4
20201229_132326528341_png_jpg.rf.03eb88c57047826a5d2364d1a7029347.jpg,0.8859999775886536,136.4
DCAM0006_JPG_jpg.rf.46212bae27a2a361339ad9b96e2b6b32.jpg,0.8870000243186951,77.5
18672547_jpg.rf.0f72b05393bb98b99eef747c54ea3859.jpg,0.8870000243186951,88.2
18681985_jpg.rf.6e2c7b37903d4285788f605af079c7cb.jpg,0.8880000114440918,88.9
images-1-_png_jpg.rf.1c86e6cd06d8a4fa92425c20c16a8a7a.jpg,0.8889999985694885,114.2
DCAM0094_JPG_jpg.rf.0462aeea72152ee61527cf4a762a0557.jpg,0.8889999985694885,92.7
20201229_132132064988_png_jpg.rf.ea5815933ccaf5c3dfee80b3129d78bf.jpg,0.8889999985694885,130.4
20201229_132215678357_png_jpg.rf.7914529de35bb547fa1fba5407971e1a.jpg,0.8889999985694885,128.4
track0126-01-_png_jpg.rf.1abea79ea4804564c9e659a471ab5a0c.jpg,0.8899999856948853,140.9
20201229_132416125353_png_jpg.rf.66255f1de9a28e47f8ebebfd90153036.jpg,0.890999972820282,134.5
20201229_132326672632_png_jpg.rf.a2797fb25ed72b20e732d6e865817df5.jpg,0.890999972820282,137.1
20201229_132215531733_png_jpg.rf.789e655a3f7cfe052f156dd162fc49b1.jpg,0.8930000066757202,125.1
18575600_jpg.rf.a639534c12f461d48b1e07200b41e4f2.jpg,0.8930000066757202,63.9
track0150-01-_png_jpg.rf.c804196e7910f9377fc7807ba43a9470.jpg,0.8939999938011169,123.1
images160_jpg.rf.af37fefe5b396a68038beba069a3134c.jpg,0.8939999938011169,93.8
18086810_jpg.rf.11a1e82c760ae3bbbb69c1802765e116.jpg,0.8949999809265137,87.1
track0111-01-_png_jpg.rf.ddfa3f43e8d2faffcff5632850aeb9ef.jpg,0.8949999809265137,136.6
20201229_132341843269_png_jpg.rf.cd004548a9f02384b0c15ef4e82bcec9.jpg,0.8960000276565552,115.5
20201229_132332117319_png_jpg.rf.676737f2ac2d3c82011d48cecee50815.jpg,0.8970000147819519,129.3
DCAM0063_JPG_jpg.rf.9841176702f8017809be0e39033b9f55.jpg,0.8970000147819519,93.7
306db6d3-imagem-abre_jpeg_jpg.rf.3891b0d3454f27f35d2456822a6a552c.jpg,0.8970000147819519,123.8
20333529_jpg.rf.fda3f9f93200bb2f3c08703abcadf945.jpg,0.8970000147819519,89.5
DCAM0018_JPG_jpg.rf.e1c5c41a9a04adfe7faafa05a82afb51.jpg,0.8980000019073486,80.9
20201229_132316864329_png_jpg.rf.e9a9af162acfb4a1b971045c4c13255d.jpg,0.8999999761581421,122.1
20201229_132409875246_png_jpg.rf.e017a85427afca2fb6b8c13f2d30314f.jpg,0.9010000228881836,128.0
17705097_jpg.rf.d1ee6693e4a264f288db2abc96b71050.jpg,0.9020000100135803,76.0
20201229_132353053467_png_jpg.rf.ee68d7a99c009621eaa40e34960d890e.jpg,0.9020000100135803,130.2
20201229_132324727716_png_jpg.rf.700774c2eff51d1274fce1a9e2fbdae3.jpg,0.902999997138977,137.9
20201229_132316122459_png_jpg.rf.dcdb8843cfd0ae8514eed198014bb7fa.jpg,0.902999997138977,128.8
20201230_081435340860_png_jpg.rf.4b4d7e7bb065c592539716011c6dbf48.jpg,0.902999997138977,128.4
18236124_jpg.rf.90faa57bfdbd339b303e75afbf5b00aa.jpg,0.9039999842643738,128.2
20201229_132352906016_png_jpg.rf.a231f36ae896fbac77a4b780baf8bf70.jpg,0.9049999713897705,123.2
20201229_132415977898_png_jpg.rf.aaaa660a70f65272c531f3180b680d6d.jpg,0.906000018119812,133.8
DCAM0026_JPG_jpg.rf.6414a3e5fcff798f8492db8b16757426.jpg,0.906000018119812,84.8
20201229_132319352745_png_jpg.rf.2188a99091c6df4b55d51a706dc5af96.jpg,0.9070000052452087,125.7
17799995_jpg.rf.ccfb135566ec456007582d5e6bec1319.jpg,0.9070000052452087,85.1
17846621_jpg.rf.a76c0a9c1a9fc750bee9d07dcde232d2.jpg,0.9070000052452087,93.8
17813316_jpg.rf.74b378899a05f1054d153094b39490ec.jpg,0.9070000052452087,94.1
18160246_jpg.rf.ead4b4ecd8a5b2b5f0f09f738d98cafe.jpg,0.9079999923706055,110.8
17989126_jpg.rf.335492f60f4f7ea4118198f02ad15923.jpg,0.9079999923706055,86.0
20201229_132215974089_png_jpg.rf.66a2157d19ec2aaab13663da3046838d.jpg,0.9079999923706055,138.2
19765073_jpg.rf.770a34093593c907457035ac4f012d2f.jpg,0.9089999794960022,141.1
17827132_jpg.rf.156160581f33a6c1d46b7cb6692ee675.jpg,0.9100000262260437,96.4
DCAM0030_JPG_jpg.rf.925c28b8fe49185dd508bab7dacb83bc.jpg,0.9100000262260437,83.3
20201229_132325018415_png_jpg.rf.21de0a83342e1b27b7e31ae3a515ceb1.jpg,0.9100000262260437,140.5
DCAM0046_JPG_jpg.rf.2c926e4ee6f59c9c3ff30100e5b219fb.jpg,0.9120000004768372,92.1
20201229_132340181267_png_jpg.rf.ce59076c6cce758f2321f5aa19cfe386.jpg,0.9129999876022339,134.8
DCAM0014_JPG_jpg.rf.0695fcd4c86df86585cfeba839d892a2.jpg,0.9139999747276306,79.8
DCAM0088_JPG_jpg.rf.1742bd4d35f8211f57597efa5508f6c2.jpg,0.9139999747276306,92.2
DCAM0039_JPG_jpg.rf.07b3cdce8823026eec96b1bdaf1b3ae3.jpg,0.9139999747276306,84.3
17706416_jpg.rf.f9b5481cd89774eec2457d10364297c8.jpg,0.9150000214576721,84.5
20201229_132409729502_png_jpg.rf.79c25941894198c4fe739a3a06601dc6.jpg,0.9150000214576721,126.3
20201229_132317305646_png_jpg.rf.e56431b941f33602fe2597dd9474ca42.jpg,0.9150000214576721,132.9
17989153_jpg.rf.0d5f740ca3aa462aaa39c2fea56da062.jpg,0.9150000214576721,102.2
track0146-01-_png_jpg.rf.035fda586fd553f9889470dd0ab74de2.jpg,0.9160000085830688,119.9
track0121-01-_png_jpg.rf.e6060e18128b82a91984900ecc40c297.jpg,0.9160000085830688,87.5
20201229_132411662467_png_jpg.rf.23dffd37018ea93569e47057adfc7406.jpg,0.9160000085830688,137.1
20201229_132411365717_png_jpg.rf.22506f764275c9f079faa75caa25b47a.jpg,0.9169999957084656,126.5
20057110_jpg.rf.03d0f8c73967f08f92d745fd360c9231.jpg,0.9169999957084656,98.4
19561811_jpg.rf.4944be32a8a3e5f54c3cb4339443aeae.jpg,0.9169999957084656,108.0
17826951_jpg.rf.3a4dca2f6e2db4e89f4a6530c73f4ced.jpg,0.9190000295639038,79.4
20201229_132215229831_png_jpg.rf.85efe9ecb139bb54cd359872d7e16c8a.jpg,0.9190000295639038,122.1
20201229_132324582204_png_jpg.rf.01c3250159e92303cd73d69fdb4f9ed9.jpg,0.9200000166893005,137.5
DCAM0031_JPG_jpg.rf.820e9168adc68e79a01a59bea454e92a.jpg,0.9200000166893005,88.5
20201229_132140879035_png_jpg.rf.a4eb17e3a79ec4d2e085a24b4da6b65f.jpg,0.9200000166893005,123.2
20555110_jpg.rf.b8f73784ec2e7e9aee664a0241afe344.jpg,0.9200000166893005,84.7
track0136-01-_png_jpg.rf.39c97241047bb57a2bd6c4bd2e16ed9f.jpg,0.9200000166893005,118.3
17705670_jpg.rf.eaef566560df4f138a8acff1a2ff6943.jpg,0.9200000166893005,76.1
20201229_132409582825_png_jpg.rf.b3cd07386e39c9b287761e73411920b0.jpg,0.9200000166893005,124.6
20201229_132428445862_png_jpg.rf.44af0417ec759d7db61ac5fb75161c0b.jpg,0.9210000038146973,116.3
20201229_132428750887_png_jpg.rf.569c2c43a0341a60e5cdc2c0cb422fde.jpg,0.9210000038146973,124.4
DCAM0086_JPG_jpg.rf.25bbda292e70119a5206ce22a92d36a7.jpg,0.921999990940094,80.7
20201229_132131770772_png_jpg.rf.6a5b86dd4dc7f26e0734f479958de066.jpg,0.921999990940094,131.4
20201229_132131625259_png_jpg.rf.b47741efbe69cab81200341d7ed27151.jpg,0.9229999780654907,144.1
20201229_132316278643_png_jpg.rf.f7f90b80c18dbf1fb74f3da567b3cf11.jpg,0.9229999780654907,127.9
17873997_jpg.rf.d260e3f8a9bc68c7455114e684d74996.jpg,0.9229999780654907,73.6
17704853_jpg.rf.f584883805048af1b586af12b2284b45.jpg,0.9229999780654907,85.1
20201229_132324872994_png_jpg.rf.c02fb5445a85029987eb89a4a233f744.jpg,0.9240000247955322,139.8
18807255_jpg.rf.d5c42aef498fa9db7702c85f41a0522a.jpg,0.9240000247955322,93.8
20201229_132315973035_png_jpg.rf.749c97b28b9400fc11b68d76070f8cbd.jpg,0.9240000247955322,129.7
20201229_132131480758_png_jpg.rf.8626836450147bedcd9f3cb013f7319d.jpg,0.925000011920929,145.7
19561820_jpg.rf.19578e6133a27941e3097f1d709ed159.jpg,0.925000011920929,141.9
20201229_132340324267_png_jpg.rf.8d579aa5f0edfdaf987896183933c89e.jpg,0.925000011920929,135.5
DCAM0053_JPG_jpg.rf.640a0bfe1a38731050e363bf46b85b7d.jpg,0.925000011920929,88.3
17835163_jpg.rf.adf3bdd56e1f54e2e07a9b54ddd12b81.jpg,0.9259999990463257,92.2
20201229_132400406348_png_jpg.rf.ee2c9d992985b16f1792979bbae00c12.jpg,0.9259999990463257,120.5
20201229_132214341060_png_jpg.rf.a85dd2e6ea89fc7d9c619c8e593ec433.jpg,0.9259999990463257,126.8
18068054_jpg.rf.a0da824ff34643134839ab1df41d86da.jpg,0.9259999990463257,83.6
18560456_jpg.rf.d71be701d348ce52177fefcbf1a8db10.jpg,0.9259999990463257,136.1
20201229_132137917715_png_jpg.rf.d831838d58a1b3ca8c0bd52393673870.jpg,0.9269999861717224,134.5
20201230_081440722241_png_jpg.rf.dda4a7cbf9359105fb1e26aa66384eaa.jpg,0.9269999861717224,129.5
17861344_jpg.rf.cd94d6b77f969f074f74b940a0828e02.jpg,0.9279999732971191,85.0
DCAM0060_JPG_jpg.rf.f7cff99fccfc95d70fe366b772a2b6b2.jpg,0.9290000200271606,92.3
20201229_132332264710_png_jpg.rf.e51eb96778bcff3106fe0d5cc95fb8be.jpg,0.9290000200271606,124.1
20201229_132353204946_png_jpg.rf.943b11272b8ef6390bf850260f9d3712.jpg,0.9290000200271606,140.0
20201229_132411965378_png_jpg.rf.0eb79d3e840d68bcbeabbeb6bfeb9a60.jpg,0.9290000200271606,140.6
20201229_132138068153_png_jpg.rf.829f467de28618675a87c39aed867329.jpg,0.9290000200271606,137.2
DCAM0046_JPG_jpg.rf.3793bb16c2891ba87b4c3cc6c4cf9984.jpg,0.9300000071525574,85.9
20555112_jpg.rf.01c9224271c2888bb82171b56fcd6b9f.jpg,0.9300000071525574,81.1
20201229_132411517169_png_jpg.rf.372bdbe4f5699a71e81f4c25c8c7e806.jpg,0.9309999942779541,127.1
17707084_jpg.rf.5fe1490583ad8ae6d20672c59131e640.jpg,0.9309999942779541,101.5
18117194_jpg.rf.f1452d47757c932fce25a6a1abe42f44.jpg,0.9309999942779541,91.0
20201230_081443338481_png_jpg.rf.aa78f8f65a7289bca4a9373617bf6e32.jpg,0.9319999814033508,129.2
20201229_132317008911_png_jpg.rf.319608cfbf66192234deaced9cf74e5f.jpg,0.9319999814033508,128.4
20201229_132319522363_png_jpg.rf.40f96f8b50c0d03f5da2f21a4cb150ff.jpg,0.9319999814033508,142.8
20201229_132325308173_png_jpg.rf.9c3b27b99822ced077f2e39ef3214c1e.jpg,0.9319999814033508,142.1
20201229_132140731036_png_jpg.rf.95fc2919e2ff79010eb79106a57a892e.jpg,0.9330000281333923,112.4
DCAM0030_JPG_jpg.rf.138eed823d5c39d3c2705abea024ab99.jpg,0.9350000023841858,98.1
20394164_jpg.rf.025d09abc6b6531bbf69aa63fac5742b.jpg,0.9350000023841858,84.2
17714370_jpg.rf.f60a0b050aa4b103be24d003ed917296.jpg,0.9359999895095825,96.0
17786080_jpg.rf.b6306855c3adec8dc4e522fd5ad53d52.jpg,0.9369999766349792,79.5
20201229_132153675380_png_jpg.rf.5af35dc0da59c0d91178f94982efaee8.jpg,0.9369999766349792,125.7
17750975_jpg.rf.40818068d538a9d2cc1fe702e7c7757a.jpg,0.9390000104904175,77.9
20555080_jpg.rf.9b6b4fdbf40067824c154ebe55be8a86.jpg,0.9390000104904175,103.9
20201229_132332422195_png_jpg.rf.170c278ea5eeb5335b6a41089154cdaf.jpg,0.9390000104904175,132.6
20201229_132340467267_png_jpg.rf.6cf6aafd0839d21db75e27dbf7e62c77.jpg,0.9390000104904175,138.7
17729414_jpg.rf.161fbee1cf7996f1ffeaf949f71e374c.jpg,0.9399999976158142,71.9
20201229_132215383203_png_jpg.rf.fc4c732cb6cd790c73de10ba907f2136.jpg,0.9409999847412109,123.0
DCAM0056_JPG_jpg.rf.6c9b2039ba5ba6919ccdbc5689f8c250.jpg,0.9409999847412109,93.7
20201229_132325165805_png_jpg.rf.6ed599e019318d4893e586f8bcac42ae.jpg,0.9409999847412109,141.6
20201230_081434997108_png_jpg.rf.25cc4949bee0dce4529521efeafb1295.jpg,0.9419999718666077,136.2
20201229_132316713148_png_jpg.rf.0a890f2d4d1f59ec3b0f74008224c693.jpg,0.9430000185966492,122.0
20201229_132400553932_png_jpg.rf.c9a60a72ff433a72e8aa826f5b3a1400.jpg,0.9430000185966492,129.6
20201229_132129564436_png_jpg.rf.34ad30bbb74fa32167399e44a97b02ff.jpg,0.9459999799728394,142.7
20201230_081443179479_png_jpg.rf.eea48b9d67a3816ed4d157342ac20938.jpg,0.9470000267028809,131.6
plate3_jpg.rf.353702e2396fb3483baadac58cece337.jpg,0.9490000009536743,3.9
17913575_jpg.rf.43d9e8e918d79b07db097cc0048f1dcb.jpg,0.949999988079071,93.9
20201229_132341690268_png_jpg.rf.9b48a05dee8ffd87f3895dd105ad140b.jpg,0.9509999752044678,136.0
20201229_132213908905_png_jpg.rf.5eae56966db0328e4ca79b96363941f6.jpg,0.9509999752044678,123.3
20201229_132141033036_png_jpg.rf.6617558fd69b5ee19bad4e4e1b1165bd.jpg,0.9509999752044678,133.3
20201229_132213601817_png_jpg.rf.5f5ba0990175d8baad232a1eea073e63.jpg,0.9520000219345093,128.2
20350033_jpg.rf.8fb69ba5cdad53081208fc694274bfcd.jpg,0.9520000219345093,67.7
20201229_132129863117_png_jpg.rf.9e41392abf893e24a05228825d5a652d.jpg,0.9520000219345093,129.1
18534890_jpg.rf.52593699acf6cd0104425edccbeb5c9f.jpg,0.9520000219345093,69.9
20201229_132428291887_png_jpg.rf.8395947c9cfd44b0965c24ae2c05b41f.jpg,0.953000009059906,119.1
20201229_132214198729_png_jpg.rf.bc5a64ce6e02b326d7dce052312d49e8.jpg,0.9539999961853027,124.4
19741059_jpg.rf.bae3c69e4d8a251910641757f511fbd9.jpg,0.9539999961853027,72.7
20201230_081434856260_png_jpg.rf.dea8f7c044e19e1c5dd8070ce96c95a4.jpg,0.9539999961853027,149.5
20201229_132324439830_png_jpg.rf.ba4bde5fcf95833bcfeb271d1bc4dcd6.jpg,0.9539999961853027,135.8
20201229_132319202300_png_jpg.rf.743e35c23dd8fb6481e3dce5b43a1c08.jpg,0.9539999961853027,123.8
20201229_132402095823_png_jpg.rf.ee1714e4e806e760ffe4a79c4d87ddd4.jpg,0.9549999833106995,144.4
20201229_132214756837_png_jpg.rf.915cf3f9e24b8a329e8f8cb182130663.jpg,0.9549999833106995,119.8
20201230_081434699257_png_jpg.rf.86a97712f63c1fde6b843630b4aa24a0.jpg,0.9559999704360962,152.0
17978580_jpg.rf.2250d9266856764d4adc9829000a60ba.jpg,0.9559999704360962,86.6
DCAM0033_JPG_jpg.rf.94a83cac219057156b6becf4347acc19.jpg,0.9559999704360962,90.9
DCAM0079_JPG_jpg.rf.3293556b776d93b11d296b0e8d0c460f.jpg,0.9559999704360962,91.4
20355938_jpg.rf.ac129267062426a5cee3ea4a7e9467e2.jpg,0.9570000171661377,87.7
20201229_132437531227_png_jpg.rf.f3a0c16f3b956771d5cdd53f6141b304.jpg,0.9570000171661377,135.1
20201229_132215080257_png_jpg.rf.0c6f9b95cb7b0a402e84914db64e4f28.jpg,0.9580000042915344,119.5
19722143_jpg.rf.7e3259ac4a67b9e5a6622e867bd56b20.jpg,0.9589999914169312,109.1
18632274_jpg.rf.89b131b89b0f0edf46b18011430121e2.jpg,0.9599999785423279,106.5
20201229_132213746329_png_jpg.rf.e637d9429c4611193d62f79a0d071041.jpg,0.9599999785423279,126.9
20593935_jpg.rf.4c8aab46ef68a9652c131ad841c6afdb.jpg,0.9599999785423279,97.3
DCAM0088_JPG_jpg.rf.261c554b3aa54ba94e9f582c6e0f6045.jpg,0.9599999785423279,80.7
18014952_jpg.rf.93b590e3cbc7691a861ff0e30c1ee53f.jpg,0.9610000252723694,99.5
18703212_jpg.rf.460ebfd41ad6d36fe6b86a8791c22158.jpg,0.9610000252723694,87.0
20201229_132340613267_png_jpg.rf.9face74cabc90bed38cabf7b11093d3d.jpg,0.9610000252723694,143.7
20201229_132214930643_png_jpg.rf.5c80715617a50955f860a82b643ac1e1.jpg,0.9620000123977661,119.6
18146089_jpg.rf.2c03033d402ce30ab68e9e0e11e540ed.jpg,0.9620000123977661,57.8
17823145_jpg.rf.9ccad460fb2e712d40166296184fc7bb.jpg,0.9629999995231628,75.2
DCAM0054_JPG_jpg.rf.297c192e32e850a0f2b8744efb156936.jpg,0.9649999737739563,84.6
20201229_132316422946_png_jpg.rf.8fd20a8d2e14cd3dd9f28a15a4b655aa.jpg,0.9649999737739563,127.2
20201230_081440400243_png_jpg.rf.7958f47cb72c977362cd7f53322329c8.jpg,0.9670000076293945,150.2
18697617_jpg.rf.871eddceaa0826eb0e3811902f04bd61.jpg,0.9670000076293945,110.8
20201229_132215827575_png_jpg.rf.1b6066c1727f515af58ea78462807195.jpg,0.9700000286102295,137.2
17714652_jpg.rf.19069f427ed7c9301b8f812596ba3550.jpg,0.9710000157356262,87.8
20201229_132153530487_png_jpg.rf.fe4d4c9896ca045f437bfa4e87279b33.jpg,0.972000002861023,130.3
17861781_jpg.rf.da2eff8da2aba7b79c0c4fcad09005dd.jpg,0.9739999771118164,82.4
DCAM0019_JPG_jpg.rf.a272f486c9bb25642e8dd71ccf501556.jpg,0.9739999771118164,82.9
20201229_132428604420_png_jpg.rf.9f3635f4b28fe67918ca224c7d3bac24.jpg,0.9760000109672546,117.0
20201230_081443018481_png_jpg.rf.d06532fb6300618d637d670003126281.jpg,0.9760000109672546,138.9
17810984_jpg.rf.c40ecac5a9c99f1a436aabfa11607511.jpg,0.9789999723434448,78.8
20201229_132214055422_png_jpg.rf.bea176ba241c7392b2295b238e76e7fc.jpg,0.9800000190734863,122.9
images80_jpg.rf.31f280955f4de670d0b4299e439233a3.jpg,0.9819999933242798,97.4
17797639_jpg.rf.5dbcf26772e7e507dc09f3ccdb28e484.jpg,0.984000027179718,58.9
